{
  "clip": {
    "name": "wildrobot_walk_forward_v002",
    "frame_count": 101,
    "dt": 0.019999999552965164,
    "metadata_nominal_forward_velocity_mps": 0.24379682540893555,
    "measured_mean_root_x_velocity_mps": 0.24379682540893555,
    "root_x_displacement_m": 0.48436877131462097,
    "mean_root_height_m": 0.4399999976158142
  },
  "source": {
    "source_motion_path": "training/data/gmr/walking_slow01.pkl",
    "source_robot": "wildrobot",
    "source_file": "/Users/ygli/projects/amass/smplx/KIT/3/walking_slow01_stageii.npz",
    "source_fps": 33.224222585924714,
    "resampled_frame_count": 101
  },
  "fk_consistency": {
    "left_mean_error_m": 0.0009107104851864278,
    "left_max_error_m": 0.009076408110558987,
    "right_mean_error_m": 0.0009107095538638532,
    "right_max_error_m": 0.009076406247913837
  },
  "ground_contact_geometry": {
    "left_min_geom_z": {
      "min": -0.029565084725618362,
      "mean": -0.014391288161277771,
      "median": -0.020055465400218964,
      "p95": 0.011450354009866714,
      "max": 0.014973652549088001
    },
    "right_min_geom_z": {
      "min": -0.026732182130217552,
      "mean": -0.01240344438701868,
      "median": -0.01741245575249195,
      "p95": 0.004775328561663628,
      "max": 0.006663716398179531
    },
    "left_contact_mean_geom_z_m": -0.022553445771336555,
    "left_swing_mean_geom_z_m": -0.0014155474491417408,
    "right_contact_mean_geom_z_m": -0.01991691067814827,
    "right_swing_mean_geom_z_m": -0.0022689998149871826,
    "left_contact_proxy_agreement": 0.7425742574257426,
    "right_contact_proxy_agreement": 0.6435643564356436
  },
  "gait_structure": {
    "left_contact_rate": 0.6138613861386139,
    "right_contact_rate": 0.5742574257425742,
    "single_support_rate": 0.8118811881188119,
    "double_support_rate": 0.18811881188118812,
    "flight_rate": 0.0,
    "left_transitions": 2,
    "right_transitions": 2,
    "left_touchdown_step_lengths_m": [],
    "right_touchdown_step_lengths_m": []
  },
  "posture": {
    "mean_abs_roll_deg": 2.115418227367438,
    "mean_abs_pitch_deg": 5.800050748394009,
    "max_abs_roll_deg": 4.94334170088581,
    "max_abs_pitch_deg": 15.051104508150537
  },
  "loop_seam": {
    "root_seam_norm_m": 0.008158479817211628,
    "root_seam_yz_norm_m": 0.0011350149288773537,
    "left_foot_seam_norm_m": 0.005051503423601389,
    "right_foot_seam_norm_m": 0.010439828038215637,
    "joint_seam_mean_abs_rad": 0.014257445000112057,
    "joint_seam_max_abs_rad": 0.10303190350532532,
    "quat_seam_error": 0.00016224384307861328
  },
  "source_export_comparison": {
    "leg_joint_mae_rad": 0.029613247141242027,
    "leg_joint_max_abs_rad": 0.11651021242141724,
    "source_root_x_displacement_m": 0.48436877131462097,
    "source_mean_root_x_velocity_mps": 0.24218441545963287,
    "export_mean_root_x_velocity_mps": 0.24379682540893555
  },
  "checks": {
    "fk_consistency": true,
    "forward_progress": true,
    "alternating_contacts": true,
    "loop_seam": true,
    "ground_penetration": false,
    "contact_label_plausibility": false
  },
  "notes": [
    "Source motion is already a WildRobot GMR clip; this verifies export/adaptation quality, not a full human-to-robot retarget pipeline.",
    "Reference clip places support geoms below ground by more than the allowed margin; root height and/or foot target geometry should be corrected before training.",
    "Exported lower-body motion remains close to the source WildRobot clip; v1 is primarily a feasibility/adaptation pass, not a strong motion redesign."
  ],
  "verdict": "fail",
  "failed_checks": [
    "ground_penetration",
    "contact_label_plausibility"
  ]
}