{
    "robot_root_name": "waist",
    "human_root_name": "pelvis",
    "ground_height": 0.0,
    "human_height_assumption": 1.8,
    "use_ik_match_table1": true,
    "use_ik_match_table2": true,
    "human_scale_table": {
        "pelvis": 0.44,
        "left_hip": 0.44,
        "right_hip": 0.44,
        "left_knee": 0.428,
        "right_knee": 0.428,
        "left_ankle": 0.44,
        "right_ankle": 0.44,
        "left_foot": 0.3,
        "right_foot": 0.3
    },
    "ik_match_table1": {
        "pelvis_mimic": [
            "pelvis",
            100,
            10,
            [
                0.0,
                0.0,
                0.045
            ],
            [
                0.0,
                0.0,
                0.707107,
                0.707107
            ]
        ],
        "left_hip_mimic": [
            "left_hip",
            0,
            10,
            [
                0.0,
                0.0,
                0.0
            ],
            [
                -9.760122145376764e-18,
                -0.9999939076658592,
                0.003490649103715353,
                0.0
            ]
        ],
        "left_knee_mimic": [
            "left_knee",
            50,
            10,
            [
                0.0,
                0.0,
                0.0
            ],
            [
                -0.0020548526918641036,
                0.706811343234296,
                -0.0020569740126057945,
                0.7073961206521113
            ]
        ],
        "left_ankle_mimic": [
            "left_ankle",
            50,
            10,
            [
                0.0,
                0.0,
                0.0
            ],
            [
                -0.9999939064896599,
                0.003490986042574765,
                1.0331154939355268e-14,
                -3.483207868285102e-17
            ]
        ],
        "left_foot_mimic": [
            "left_foot",
            1,
            0,
            [
                -0.02,
                0.0,
                0.0
            ],
            [
                -3.360340089972239e-15,
                6.307673378993561e-16,
                0.0,
                1.0
            ]
        ],
        "right_hip_mimic": [
            "right_hip",
            0,
            10,
            [
                0.0,
                0.0,
                0.0
            ],
            [
                0.003490649103715353,
                8.14017179417809e-20,
                0.0,
                0.9999939076658592
            ]
        ],
        "right_knee_mimic": [
            "right_knee",
            50,
            10,
            [
                0.0,
                0.0,
                0.0
            ],
            [
                -0.0020548526918641036,
                0.706811343234296,
                -0.0020569740126057945,
                0.7073961206521113
            ]
        ],
        "right_ankle_mimic": [
            "right_ankle",
            50,
            10,
            [
                0.0,
                0.0,
                0.0
            ],
            [
                -0.9999939064896599,
                0.003490986042574765,
                7.008460304139786e-15,
                1.8287194861873346e-15
            ]
        ],
        "right_foot_mimic": [
            "right_foot",
            1,
            0,
            [
                0.02,
                0.0,
                0.0
            ],
            [
                1.6371440248788372e-15,
                2.2072670755628213e-15,
                0.0,
                1.0
            ]
        ]
    },
    "ik_match_table2": {
        "pelvis_mimic": [
            "pelvis",
            100,
            10,
            [
                0.0,
                0.0,
                0.045
            ],
            [
                0.0,
                0.0,
                0.707107,
                0.707107
            ]
        ],
        "left_hip_mimic": [
            "left_hip",
            0,
            10,
            [
                0.0,
                0.0,
                0.0
            ],
            [
                -9.760122145376764e-18,
                -0.9999939076658592,
                0.003490649103715353,
                0.0
            ]
        ],
        "left_knee_mimic": [
            "left_knee",
            50,
            10,
            [
                0.0,
                0.0,
                0.0
            ],
            [
                -0.0020548526918641036,
                0.706811343234296,
                -0.0020569740126057945,
                0.7073961206521113
            ]
        ],
        "left_ankle_mimic": [
            "left_ankle",
            50,
            10,
            [
                0.0,
                0.0,
                0.0
            ],
            [
                -0.9999939064896599,
                0.003490986042574765,
                1.0331154939355268e-14,
                -3.483207868285102e-17
            ]
        ],
        "left_foot_mimic": [
            "left_foot",
            1,
            0,
            [
                -0.02,
                0.0,
                0.0
            ],
            [
                -3.360340089972239e-15,
                6.307673378993561e-16,
                0.0,
                1.0
            ]
        ],
        "right_hip_mimic": [
            "right_hip",
            0,
            10,
            [
                0.0,
                0.0,
                0.0
            ],
            [
                0.003490649103715353,
                8.14017179417809e-20,
                0.0,
                0.9999939076658592
            ]
        ],
        "right_knee_mimic": [
            "right_knee",
            50,
            10,
            [
                0.0,
                0.0,
                0.0
            ],
            [
                -0.0020548526918641036,
                0.706811343234296,
                -0.0020569740126057945,
                0.7073961206521113
            ]
        ],
        "right_ankle_mimic": [
            "right_ankle",
            50,
            10,
            [
                0.0,
                0.0,
                0.0
            ],
            [
                -0.9999939064896599,
                0.003490986042574765,
                7.008460304139786e-15,
                1.8287194861873346e-15
            ]
        ],
        "right_foot_mimic": [
            "right_foot",
            1,
            0,
            [
                0.02,
                0.0,
                0.0
            ],
            [
                1.6371440248788372e-15,
                2.2072670755628213e-15,
                0.0,
                1.0
            ]
        ]
    }
}