{
  "config": {
    "geometry_vx_bins": [
      0.1,
      0.15,
      0.2,
      0.25
    ],
    "geometry_vx_bins_in_scope": [
      0.1,
      0.15
    ],
    "gravity_mps2": 9.81,
    "parity_margin_m": 0.002,
    "probe_frames": [
      0,
      5,
      10,
      16,
      22,
      28,
      32,
      48,
      64
    ],
    "robot_dims": {
      "toddlerbot_2xc": {
        "com_height_m": 0.2859,
        "leg_length_m": 0.2115
      },
      "toddlerbot_2xm": {
        "com_height_m": 0.2859,
        "leg_length_m": 0.2115
      },
      "wildrobot": {
        "com_height_m": 0.45799999999999996,
        "leg_length_m": 0.373
      }
    },
    "stance_fail_if_gt_m": 0.003,
    "swing_fail_if_lt_m": -0.002,
    "trackability_vx_bins": [
      0.1,
      0.15,
      0.2
    ],
    "vx_nominal": 0.15,
    "wr_reference_library": {
      "cache_key": "8eb0fb02a41a86f1",
      "generator_fingerprint": "fa287ed26bec3f9e",
      "path": "/home/leeygang/projects/wildrobot/.cache/wr_reference_libraries/wr_reference_library_8eb0fb02a41a86f1",
      "required_vx_bins": [
        0.1,
        0.15,
        0.2,
        0.25
      ],
      "source": "cache-build"
    }
  },
  "fk_gait_metrics": [
    {
      "double_support_frac": 0.3333333333333333,
      "duration_s": 22.32,
      "foot_z_step_max_m": 0.014266513288021088,
      "name": "wildrobot",
      "step_length_max_m": 0.054351503029465675,
      "step_length_mean_m": 0.0537528491230861,
      "step_length_min_m": 0.052926416508853436,
      "swing_clearance_mean_m": 0.06604399730558277,
      "swing_clearance_min_m": 0.06498809158802032,
      "touchdown_balance_ratio": 0.967741935483871,
      "touchdown_rate_hz": 2.7329749103942653,
      "touchdown_speed_proxy_mps": 0.07345259400780134,
      "touchdowns_left": 30,
      "touchdowns_right": 31,
      "vx": 0.15
    },
    {
      "double_support_frac": 0.33707865168539325,
      "duration_s": 21.3599796295166,
      "foot_z_step_max_m": 0.010000020265579224,
      "name": "toddlerbot_2xc",
      "step_length_max_m": 0.05409837141633034,
      "step_length_mean_m": 0.054093915779711836,
      "step_length_min_m": 0.053976722061634064,
      "swing_clearance_mean_m": 0.04999750701047606,
      "swing_clearance_min_m": 0.049883633852005005,
      "touchdown_balance_ratio": 0.9666666666666667,
      "touchdown_rate_hz": 2.7621749188594724,
      "touchdown_speed_proxy_mps": 0.07470842871480833,
      "touchdowns_left": 29,
      "touchdowns_right": 30,
      "vx": 0.15
    },
    {
      "double_support_frac": 0.33707865168539325,
      "duration_s": 21.3599796295166,
      "foot_z_step_max_m": 0.01005542278289795,
      "name": "toddlerbot_2xm",
      "step_length_max_m": 0.05425300821661949,
      "step_length_mean_m": 0.054092951813491726,
      "step_length_min_m": 0.05391266196966171,
      "swing_clearance_mean_m": 0.05003596109859014,
      "swing_clearance_min_m": 0.04996249079704285,
      "touchdown_balance_ratio": 0.9666666666666667,
      "touchdown_rate_hz": 2.7621749188594724,
      "touchdown_speed_proxy_mps": 0.07470709739315043,
      "touchdowns_left": 29,
      "touchdowns_right": 30,
      "vx": 0.15
    }
  ],
  "fk_gait_parity": [
    {
      "baseline": "toddlerbot_2xc",
      "cadence_gate": "PASS",
      "clearance_gate": "PASS",
      "ds_gate": "PASS",
      "speed_gate": "PASS",
      "step_len_gate": "PASS",
      "verdict": "PASS"
    },
    {
      "baseline": "toddlerbot_2xm",
      "cadence_gate": "PASS",
      "clearance_gate": "PASS",
      "ds_gate": "PASS",
      "speed_gate": "PASS",
      "step_len_gate": "PASS",
      "verdict": "PASS"
    }
  ],
  "geometry_parity": [
    {
      "baseline": "toddlerbot_2xc",
      "full_gate": "PASS",
      "in_scope": "PASS",
      "stance_gate": "PASS",
      "swing_gate": "PASS",
      "verdict": "PASS"
    },
    {
      "baseline": "toddlerbot_2xm",
      "full_gate": "PASS",
      "in_scope": "PASS",
      "stance_gate": "PASS",
      "swing_gate": "PASS",
      "verdict": "PASS"
    }
  ],
  "geometry_summary": [
    {
      "failures": [],
      "in_scope_failures": 0,
      "name": "wildrobot",
      "total_failures": 0,
      "worst_stance_z": 0.0019443497442817345,
      "worst_swing_z": 0.011687910888061127
    },
    {
      "failures": [
        "toddlerbot_2xc vx=0.20 frame=0 L stance z=+0.0049 > 0.003",
        "toddlerbot_2xc vx=0.25 frame=0 L stance z=+0.0100 > 0.003"
      ],
      "in_scope_failures": 0,
      "name": "toddlerbot_2xc",
      "total_failures": 2,
      "worst_stance_z": 0.009964524239602826,
      "worst_swing_z": 0.009958806993036681
    },
    {
      "failures": [
        "toddlerbot_2xm vx=0.20 frame=0 L stance z=+0.0040 > 0.003",
        "toddlerbot_2xm vx=0.25 frame=0 L stance z=+0.0091 > 0.003"
      ],
      "in_scope_failures": 0,
      "name": "toddlerbot_2xm",
      "total_failures": 2,
      "worst_stance_z": 0.009072524239602822,
      "worst_swing_z": 0.009145746291242778
    }
  ],
  "mode": {
    "nominal_only": false,
    "strict": false
  },
  "normalized_fk_metrics": [
    {
      "achieved_forward_per_cmd": NaN,
      "cadence_froude_norm": 0.5905190060103136,
      "com_height_m": 0.45799999999999996,
      "forward_speed_froude": 0.005007812187011738,
      "leg_length_m": 0.373,
      "name": "wildrobot",
      "step_length_per_leg": 0.14410951507529787,
      "swing_clearance_per_com_height": 0.1442008674794384,
      "swing_foot_z_step_per_clearance": 0.21601529086754903,
      "td_step_length_per_leg": NaN,
      "terminal_drift_rate_per_leg_per_s": NaN,
      "vx": 0.15
    },
    {
      "achieved_forward_per_cmd": NaN,
      "cadence_froude_norm": 0.4715456593386484,
      "com_height_m": 0.2859,
      "forward_speed_froude": 0.008022308435296872,
      "leg_length_m": 0.2115,
      "name": "toddlerbot_2xc",
      "step_length_per_leg": 0.2557631951759425,
      "swing_clearance_per_com_height": 0.17487760409400513,
      "swing_foot_z_step_per_clearance": 0.20001037778711453,
      "td_step_length_per_leg": NaN,
      "terminal_drift_rate_per_leg_per_s": NaN,
      "vx": 0.15
    },
    {
      "achieved_forward_per_cmd": NaN,
      "cadence_froude_norm": 0.4715456593386484,
      "com_height_m": 0.2859,
      "forward_speed_froude": 0.008022308435296872,
      "leg_length_m": 0.2115,
      "name": "toddlerbot_2xm",
      "step_length_per_leg": 0.25575863741603655,
      "swing_clearance_per_com_height": 0.17501210597618097,
      "swing_foot_z_step_per_clearance": 0.20096391799259913,
      "td_step_length_per_leg": NaN,
      "terminal_drift_rate_per_leg_per_s": NaN,
      "vx": 0.15
    }
  ],
  "normalized_fk_parity": [
    {
      "baseline": "toddlerbot_2xc",
      "cadence_norm": "FAIL",
      "clearance_per_h": "FAIL",
      "step_per_leg": "FAIL",
      "swing_step_per_clr": "PASS",
      "verdict": "FAIL"
    },
    {
      "baseline": "toddlerbot_2xm",
      "cadence_norm": "FAIL",
      "clearance_per_h": "FAIL",
      "step_per_leg": "FAIL",
      "swing_step_per_clr": "PASS",
      "verdict": "FAIL"
    }
  ],
  "normalized_overall_pass": false,
  "normalized_trackability_metrics": [
    {
      "achieved_forward_per_cmd": -1.4828399353955473,
      "cadence_froude_norm": 1.2793729284658302,
      "com_height_m": 0.45799999999999996,
      "forward_speed_froude": 0.0022256943053385507,
      "leg_length_m": 0.373,
      "name": "wildrobot",
      "step_length_per_leg": NaN,
      "swing_clearance_per_com_height": NaN,
      "swing_foot_z_step_per_clearance": NaN,
      "td_step_length_per_leg": -0.025027858673847225,
      "terminal_drift_rate_per_leg_per_s": -0.39689442451854806,
      "vx": 0.1
    },
    {
      "achieved_forward_per_cmd": -1.2549515476375206,
      "cadence_froude_norm": 1.0503493795429348,
      "com_height_m": 0.45799999999999996,
      "forward_speed_froude": 0.005007812187011738,
      "leg_length_m": 0.373,
      "name": "wildrobot",