{
  "cfg": {
    "cycle_time_s": 0.96,
    "foot_step_height_m": 0.05,
    "com_height_m": 0.45799999999999996,
    "leg_length_m": 0.373
  },
  "geometry": {
    "name": "wildrobot",
    "total_failures": 3,
    "in_scope_failures": 1,
    "worst_stance_z": 0.00399571544689799,
    "worst_swing_z": -0.002600587828996019,
    "failures": [
      "WR vx=0.10 frame=32 L swing z=-0.0026 < -0.002",
      "WR vx=0.20 frame=48 L stance z=+0.0034 > 0.003",
      "WR vx=0.25 frame=48 L stance z=+0.0040 > 0.003"
    ]
  },
  "fk_gait": {
    "name": "wildrobot",
    "vx": 0.2,
    "duration_s": 22.080000000000002,
    "touchdowns_left": 22,
    "touchdowns_right": 23,
    "touchdown_balance_ratio": 0.9565217391304348,
    "touchdown_rate_hz": 2.038043478260869,
    "step_length_mean_m": 0.09473682460892531,
    "step_length_min_m": 0.09347776183858514,
    "step_length_max_m": 0.09512139670550823,
    "touchdown_speed_proxy_mps": 0.09653888377268204,
    "swing_clearance_mean_m": 0.0725652031496995,
    "swing_clearance_min_m": 0.0724625582806766,
    "double_support_frac": 0.3333333333333333,
    "foot_z_step_max_m": 0.01188381016254425
  },
  "smoothness": {
    "name": "wildrobot",
    "vx": 0.2,
    "shared_leg_q_step_max_rad": 0.40360507369041443,
    "pelvis_z_step_max_m": 0.0,
    "swing_foot_z_step_max_m": 0.01188381016254425,
    "contact_flips_per_cycle": 3.956521739130434
  },
  "normalized": {
    "step_length_per_leg": 0.2539861249569043,
    "swing_clearance_per_com_height": 0.15843930818711682,
    "cadence_froude_norm": 0.4403638703052676,
    "swing_foot_z_step_per_clearance": 0.16376733815556696
  },
  "dims": {
    "leg_length_m": 0.373,
    "com_height_m": 0.45799999999999996
  },
  "tb_cached_2xc": {
    "source": "/Users/ygli/projects/wildrobot/tools/parity_report.json",
    "fk_gait_metrics": {
      "double_support_frac": 0.33707865168539325,
      "duration_s": 21.3599796295166,
      "foot_z_step_max_m": 0.010000020265579224,
      "name": "toddlerbot_2xc",
      "step_length_max_m": 0.05409837141633034,
      "step_length_mean_m": 0.054093915779711836,
      "step_length_min_m": 0.053976722061634064,
      "swing_clearance_mean_m": 0.04999750701047606,
      "swing_clearance_min_m": 0.049883633852005005,
      "touchdown_balance_ratio": 0.9666666666666667,
      "touchdown_rate_hz": 2.7621749188594724,
      "touchdown_speed_proxy_mps": 0.07470842871480833,
      "touchdowns_left": 29,
      "touchdowns_right": 30,
      "vx": 0.15
    },
    "smoothness_metrics": {
      "contact_flips_per_cycle": 3.9775280898876404,
      "name": "toddlerbot_2xc",
      "pelvis_z_step_max_m": 0.0,
      "shared_leg_q_step_max_rad": 0.6470704078674316,
      "swing_foot_z_step_max_m": 0.010000020265579224,
      "vx": 0.15
    },
    "normalized_fk_metrics": {
      "achieved_forward_per_cmd": NaN,
      "cadence_froude_norm": 0.4715456593386484,
      "com_height_m": 0.2859,
      "forward_speed_froude": 0.008022308435296872,
      "leg_length_m": 0.2115,
      "name": "toddlerbot_2xc",
      "step_length_per_leg": 0.2557631951759425,
      "swing_clearance_per_com_height": 0.17487760409400513,
      "swing_foot_z_step_per_clearance": 0.20001037778711453,
      "td_step_length_per_leg": NaN,
      "terminal_drift_rate_per_leg_per_s": NaN,
      "vx": 0.15
    }
  },
  "scope": {
    "measured": [
      "P0",
      "P1A",
      "P2",
      "size-normalised P1A/P2"
    ],
    "not_measured": [
      "P1 closed-loop trackability"
    ]
  }
}