{
  "swing_z_table_m": [
    0.0,
    0.013000000000000001,
    0.026000000000000002,
    0.03900000000000001,
    0.052000000000000005,
    0.065,
    0.065,
    0.052000000000000005,
    0.03900000000000001,
    0.026000000000000002,
    0.013000000000000001,
    0.0
  ],
  "plantarflex_threshold_m": 0.025,
  "first_cycle_steps": 36,
  "vx_bins": [
    0.21,
    0.265
  ],
  "horizon": 200,
  "results": [
    {
      "vx": 0.21,
      "horizon": 200,
      "survived_steps": 67,
      "termination_mode": "pitch",
      "d1_contact_match_split": {
        "overall_match_frac": 0.6567164179104478,
        "first_cycle_match_frac": 0.8055555555555556,
        "rest_match_frac": 0.4838709677419355,
        "rest_minus_first_gap": -0.3216845878136201,
        "first_cycle_step_count": 36,
        "rest_step_count": 31,
        "interpretation": "no-cycle-0-drag"
      },
      "d2_mid_swing_tap_down": {
        "left_event_count": 3,
        "right_event_count": 1,
        "total_event_count": 4,
        "events_per_swing_cycle": 0.8,
        "mean_event_duration_frames": 1.75,
        "max_event_duration_frames": 3,
        "left_events": [
          {
            "step_start": 60,
            "step_end": 62,
            "duration_frames": 3,
            "i_swing_start": 0,
            "i_swing_end": 2,
            "i_swing_min": 0,
            "i_swing_max": 2
          },
          {
            "step_start": 64,
            "step_end": 64,
            "duration_frames": 1,
            "i_swing_start": 4,
            "i_swing_end": 4,
            "i_swing_min": 4,
            "i_swing_max": 4
          },
          {
            "step_start": 66,
            "step_end": 66,
            "duration_frames": 1,
            "i_swing_start": 6,
            "i_swing_end": 6,
            "i_swing_min": 6,
            "i_swing_max": 6
          }
        ],
        "right_events": [
          {
            "step_start": 8,
            "step_end": 9,
            "duration_frames": 2,
            "i_swing_start": 2,
            "i_swing_end": 3,
            "i_swing_min": 2,
            "i_swing_max": 3
          }
        ],
        "interpretation": "planner-shape-bound"
      },
      "d3_d4_saturation_by_i_swing": {
        "swing_z_table_m": [
          0.0,
          0.013000000000000001,
          0.026000000000000002,
          0.03900000000000001,
          0.052000000000000005,
          0.065,
          0.065,
          0.052000000000000005,
          0.03900000000000001,
          0.026000000000000002,
          0.013000000000000001,
          0.0
        ],
        "plantarflex_up_cross_i_swing": 2,
        "plantarflex_down_cross_i_swing": 9,
        "joint_names": [
          "left_hip_pitch",
          "right_hip_pitch",
          "left_hip_roll",
          "right_hip_roll",
          "left_knee_pitch",
          "right_knee_pitch",
          "left_ankle_pitch",
          "right_ankle_pitch"
        ],
        "any_joint_sat_rate_by_i_swing": [
          0.0,
          0.0,
          0.0,
          0.0,
          0.0,
          0.0,
          0.25,
          0.3333333333333333,
          0.3333333333333333,
          0.3333333333333333,
          0.0,
          0.0
        ],
        "any_joint_sat_count_by_i_swing": [
          0,
          0,
          0,
          0,
          0,
          0,
          1,
          1,
          1,
          1,
          0,
          0
        ],
        "any_joint_visits_by_i_swing": [
          4,
          4,
          4,
          4,
          4,
          4,
          4,
          3,
          3,
          3,
          3,
          3
        ],
        "swing_window_mean_any_sat_rate": 0.09302325581395349,
        "any_sat_rate_at_up_cross": 0.0,
        "any_sat_rate_at_down_cross": 0.3333333333333333,
        "per_joint_sat_rate_by_i_swing": {
          "left_hip_pitch": [
            0.0,
            0.0,
            0.0,
            0.0,
            0.0,
            0.0,
            0.0,
            0.0,
            0.0,
            0.0,
            0.0,
            0.0
          ],
          "right_hip_pitch": [
            0.0,
            0.0,
            0.0,
            0.0,
            0.0,
            0.0,
            0.0,
            0.0,
            0.0,
            0.0,
            0.0,
            0.0
          ],
          "left_hip_roll": [
            0.0,
            0.0,
            0.0,
            0.0,
            0.0,
            0.0,
            0.25,
            0.3333333333333333,
            0.3333333333333333,
            0.3333333333333333,
            0.0,
            0.0
          ],
          "right_hip_roll": [
            0.0,
            0.0,
            0.0,
            0.0,
            0.0,
            0.0,
            0.0,
            0.0,
            0.0,
            0.0,
            0.0,
            0.0
          ],
          "left_knee_pitch": [
            0.0,
            0.0,
            0.0,
            0.0,
            0.0,
            0.0,
            0.0,
            0.0,
            0.0,
            0.0,
            0.0,
            0.0
          ],
          "right_knee_pitch": [
            0.0,
            0.0,
            0.0,
            0.0,
            0.0,
            0.0,
            0.0,
            0.0,
            0.0,
            0.0,
            0.0,
            0.0
          ],
          "left_ankle_pitch": [
            0.0,
            0.0,
            0.0,
            0.0,
            0.0,
            0.0,
            0.0,
            0.0,
            0.0,
            0.0,
            0.0,
            0.0
          ],
          "right_ankle_pitch": [
            0.0,
            0.0,
            0.0,
            0.0,
            0.0,
            0.0,
            0.0,
            0.0,
            0.0,
            0.0,
            0.0,
            0.0
          ]
        },
        "swing_side_ankle_sat_rate_by_i_swing": [
          0.0,
          0.0,
          0.0,
          0.0,
          0.0,
          0.0,
          0.0,
          0.0,
          0.0,
          0.0,
          0.0,
          0.0
        ],
        "swing_window_mean_swing_ankle_sat_rate": 0.0,
        "swing_side_ankle_sat_at_up_cross": 0.0,
        "swing_side_ankle_sat_at_down_cross": 0.0,
        "swing_side_hip_pitch_sat_rate_by_i_swing": [
          0.0,
          0.0,
          0.0,
          0.0,
          0.0,
          0.0,
          0.0,
          0.0,
          0.0,
          0.0,
          0.0,
          0.0
        ],
        "swing_side_knee_sat_rate_by_i_swing": [
          0.0,
          0.0,
          0.0,
          0.0,
          0.0,
          0.0,
          0.0,
          0.0,
          0.0,
          0.0,
          0.0,
          0.0
        ],
        "interpretation": "down-cross-correlated-mechanism-unclear"
      },
      "verdict": {
        "verdict": "mixed: planner_shape_bound + down_cross_correlated_mechanism_unclear",
        "components": {
          "cycle_0_bound": false,
          "planner_shape_bound": true,
          "phase_7_boundary_bound": false,
          "down_cross_correlated_mechanism_unclear": true,
          "actuator_stack_bound": false
        }
      }
    },
    {
      "vx": 0.265,
      "horizon": 200,
      "survived_steps": 61,
      "termination_mode": "pitch",
      "d1_contact_match_split": {
        "overall_match_frac": 0.6557377049180327,
        "first_cycle_match_frac": 0.7777777777777778,
        "rest_match_frac": 0.48,
        "rest_minus_first_gap": -0.2977777777777778,
        "first_cycle_step_count": 36,
        "rest_step_count": 25,
        "interpretation": "no-cycle-0-drag"
      },
      "d2_mid_swing_tap_down": {
        "left_event_count": 0,
        "right_event_count": 2,
        "total_event_count": 2,
        "events_per_swing_cycle": 0.4,
        "mean_event_duration_frames": 2.0,
        "max_event_duration_frames": 2,
        "left_events": [],