{
  "swing_z_table_m": [
    0.0,
    0.013000000000000001,
    0.026000000000000002,
    0.03900000000000001,
    0.052000000000000005,
    0.065,
    0.065,
    0.052000000000000005,
    0.03900000000000001,
    0.026000000000000002,
    0.013000000000000001,
    0.0
  ],
  "plantarflex_threshold_m": 0.025,
  "first_cycle_steps": 36,
  "vx_bins": [
    0.25,
    0.265,
    0.3
  ],
  "horizon": 200,
  "results": [
    {
      "vx": 0.25,
      "horizon": 200,
      "survived_steps": 55,
      "termination_mode": "pitch",
      "d1_contact_match_split": {
        "overall_match_frac": 0.6909090909090909,
        "first_cycle_match_frac": 0.8333333333333334,
        "rest_match_frac": 0.42105263157894735,
        "rest_minus_first_gap": -0.412280701754386,
        "first_cycle_step_count": 36,
        "rest_step_count": 19,
        "interpretation": "no-cycle-0-drag"
      },
      "d2_mid_swing_tap_down": {
        "left_event_count": 0,
        "right_event_count": 2,
        "total_event_count": 2,
        "events_per_swing_cycle": 0.5,
        "mean_event_duration_frames": 2.5,
        "max_event_duration_frames": 3,
        "left_events": [],
        "right_events": [
          {
            "step_start": 8,
            "step_end": 9,
            "duration_frames": 2,
            "i_swing_start": 2,
            "i_swing_end": 3,
            "i_swing_min": 2,
            "i_swing_max": 3
          },
          {
            "step_start": 42,
            "step_end": 44,
            "duration_frames": 3,
            "i_swing_start": 0,
            "i_swing_end": 2,
            "i_swing_min": 0,
            "i_swing_max": 2
          }
        ],
        "interpretation": "planner-shape-bound"
      },
      "d3_d4_saturation_by_i_swing": {
        "swing_z_table_m": [
          0.0,
          0.013000000000000001,
          0.026000000000000002,
          0.03900000000000001,
          0.052000000000000005,
          0.065,
          0.065,
          0.052000000000000005,
          0.03900000000000001,
          0.026000000000000002,
          0.013000000000000001,
          0.0
        ],
        "plantarflex_up_cross_i_swing": 2,
        "plantarflex_down_cross_i_swing": 9,
        "joint_names": [
          "left_hip_pitch",
          "right_hip_pitch",
          "left_hip_roll",
          "right_hip_roll",
          "left_knee_pitch",
          "right_knee_pitch",
          "left_ankle_pitch",
          "right_ankle_pitch"
        ],
        "any_joint_sat_rate_by_i_swing": [
          0.0,
          0.0,
          0.0,
          0.0,
          0.0,
          0.0,
          0.0,
          0.0,
          0.0,
          0.0,
          0.0,
          0.0
        ],
        "any_joint_sat_count_by_i_swing": [
          0,
          0,
          0,
          0,
          0,
          0,
          0,
          0,
          0,
          0,
          0,
          0
        ],
        "any_joint_visits_by_i_swing": [
          3,
          3,
          3,
          3,
          3,
          3,
          3,
          3,
          3,
          3,
          3,
          3
        ],
        "swing_window_mean_any_sat_rate": 0.0,
        "any_sat_rate_at_up_cross": 0.0,
        "any_sat_rate_at_down_cross": 0.0,
        "per_joint_sat_rate_by_i_swing": {
          "left_hip_pitch": [
            0.0,
            0.0,
            0.0,
            0.0,
            0.0,
            0.0,
            0.0,
            0.0,
            0.0,
            0.0,
            0.0,
            0.0
          ],
          "right_hip_pitch": [
            0.0,
            0.0,
            0.0,
            0.0,
            0.0,
            0.0,
            0.0,
            0.0,
            0.0,
            0.0,
            0.0,
            0.0
          ],
          "left_hip_roll": [
            0.0,
            0.0,
            0.0,
            0.0,
            0.0,
            0.0,
            0.0,
            0.0,
            0.0,
            0.0,
            0.0,
            0.0
          ],
          "right_hip_roll": [
            0.0,
            0.0,
            0.0,
            0.0,
            0.0,
            0.0,
            0.0,
            0.0,
            0.0,
            0.0,
            0.0,
            0.0
          ],
          "left_knee_pitch": [
            0.0,
            0.0,
            0.0,
            0.0,
            0.0,
            0.0,
            0.0,
            0.0,
            0.0,
            0.0,
            0.0,
            0.0
          ],
          "right_knee_pitch": [
            0.0,
            0.0,
            0.0,
            0.0,
            0.0,
            0.0,
            0.0,
            0.0,
            0.0,
            0.0,
            0.0,
            0.0
          ],
          "left_ankle_pitch": [
            0.0,
            0.0,
            0.0,
            0.0,
            0.0,
            0.0,
            0.0,
            0.0,
            0.0,
            0.0,
            0.0,
            0.0
          ],
          "right_ankle_pitch": [
            0.0,
            0.0,
            0.0,
            0.0,
            0.0,
            0.0,
            0.0,
            0.0,
            0.0,
            0.0,
            0.0,
            0.0
          ]
        },
        "swing_side_ankle_sat_rate_by_i_swing": [
          0.0,
          0.0,
          0.0,
          0.0,
          0.0,
          0.0,
          0.0,
          0.0,
          0.0,
          0.0,
          0.0,
          0.0
        ],
        "swing_window_mean_swing_ankle_sat_rate": 0.0,
        "swing_side_ankle_sat_at_up_cross": 0.0,
        "swing_side_ankle_sat_at_down_cross": 0.0,
        "swing_side_hip_pitch_sat_rate_by_i_swing": [
          0.0,
          0.0,
          0.0,
          0.0,
          0.0,
          0.0,
          0.0,
          0.0,
          0.0,
          0.0,
          0.0,
          0.0
        ],
        "swing_side_knee_sat_rate_by_i_swing": [
          0.0,
          0.0,
          0.0,
          0.0,
          0.0,
          0.0,
          0.0,
          0.0,
          0.0,
          0.0,
          0.0,
          0.0
        ],
        "interpretation": "no-significant-sat"
      },
      "verdict": {
        "verdict": "planner_shape_bound",
        "components": {
          "cycle_0_bound": false,
          "planner_shape_bound": true,
          "phase_7_boundary_bound": false,
          "down_cross_correlated_mechanism_unclear": false,
          "actuator_stack_bound": false
        }
      }
    },
    {
      "vx": 0.265,
      "horizon": 200,
      "survived_steps": 54,
      "termination_mode": "pitch",
      "d1_contact_match_split": {
        "overall_match_frac": 0.6851851851851852,
        "first_cycle_match_frac": 0.8333333333333334,
        "rest_match_frac": 0.3888888888888889,
        "rest_minus_first_gap": -0.4444444444444445,
        "first_cycle_step_count": 36,
        "rest_step_count": 18,
        "interpretation": "no-cycle-0-drag"
      },
      "d2_mid_swing_tap_down": {
        "left_event_count": 0,
        "right_event_count": 2,
        "total_event_count": 2,
        "events_per_swing_cycle": 0.5,
        "mean_event_duration_frames": 2.5,
        "max_event_duration_frames": 3,
        "left_events": [],
        "right_events": [
          {
            "step_start": 8,
            "step_end": 9,
            "duration_frames": 2,
            "i_swing_start": 2,
            "i_swing_end": 3,
            "i_swing_min": 2,
            "i_swing_max": 3
          },
          {
            "step_start": 42,
            "step_end": 44,
            "duration_frames": 3,
            "i_swing_start": 0,
            "i_swing_end": 2,
            "i_swing_min": 0,
            "i_swing_max": 2
          }
        ],
        "interpretation": "planner-shape-bound"
      },